,OAR,OAR_PDDCA,Patient,VolDice,95HD,SurfDice
0,BSTEM,BrainStem,0522c0001,0.6155930757522583,5.385164807134504,2.96220894899193
1,CHIASM,Chiasm,0522c0001,0.2537878751754761,5.744562646538029,1.9988698578671729
2,MAND,Mandible,0522c0001,0.7739463448524475,119.78292851789462,10.392024878199939
3,LOPTIC,OpticNerve_L,0522c0001,0.473794549703598,1.9732050807568817,0.9015358663794272
4,ROPTIC,OpticNerve_R,0522c0001,0.45627376437187195,2.23606797749979,1.027851736206112
5,LPAR,Parotid_L,0522c0001,0.7937116622924805,2.449489742783178,1.021962503489089
6,RPAR,Parotid_R,0522c0001,0.7647878527641296,3.0,1.2355353944833223
7,BSTEM,BrainStem,0522c0001,0.6155930757522583,5.385164807134504,2.96220894899193
8,CHIASM,Chiasm,0522c0001,0.2537878751754761,5.744562646538029,1.9988698578671729
9,MAND,Mandible,0522c0001,0.7889760732650757,4.0,3.5539737783452505
10,LOPTIC,OpticNerve_L,0522c0001,0.473794549703598,1.9732050807568817,0.9015358663794272
11,ROPTIC,OpticNerve_R,0522c0001,0.45627376437187195,2.23606797749979,1.027851736206112
12,LPAR,Parotid_L,0522c0001,0.7937116622924805,2.449489742783178,1.021962503489089
13,RPAR,Parotid_R,0522c0001,0.7647878527641296,3.0,1.2355353944833223
14,BSTEM,BrainStem,0522c0001,0.6155930757522583,5.385164807134504,2.96220894899193
15,CHIASM,Chiasm,0522c0001,0.2537878751754761,5.744562646538029,1.9988698578671729
16,MAND,Mandible,0522c0001,0.7926216721534729,3.1622776601683795,1.0526909275605423
17,LOPTIC,OpticNerve_L,0522c0001,0.473794549703598,1.9732050807568817,0.9015358663794272
18,ROPTIC,OpticNerve_R,0522c0001,0.45627376437187195,2.23606797749979,1.027851736206112
19,LPAR,Parotid_L,0522c0001,0.7937116622924805,2.449489742783178,1.021962503489089
20,RPAR,Parotid_R,0522c0001,0.7647878527641296,3.0,1.2355353944833223
21,BSTEM,BrainStem,0522c0001,0.6155930757522583,5.385164807134504,2.96220894899193
22,CHIASM,Chiasm,0522c0001,0.2537878751754761,5.744562646538029,1.9988698578671729
23,MAND,Mandible,0522c0001,0.7926216721534729,3.1622776601683795,1.0526909275605423
24,LOPTIC,OpticNerve_L,0522c0001,0.473794549703598,1.9732050807568817,0.9015358663794272
25,ROPTIC,OpticNerve_R,0522c0001,0.45627376437187195,2.23606797749979,1.027851736206112
26,LPAR,Parotid_L,0522c0001,0.7937116622924805,2.449489742783178,1.021962503489089
27,RPAR,Parotid_R,0522c0001,0.7647878527641296,3.0,1.2355353944833223
28,BSTEM,BrainStem,0522c0001,0.6155930757522583,5.385164807134504,2.96220894899193
29,CHIASM,Chiasm,0522c0001,0.2537878751754761,5.744562646538029,1.9988698578671729
30,MAND,Mandible,0522c0001,0.7926216721534729,3.1622776601683795,1.0526909275605423
31,LOPTIC,OpticNerve_L,0522c0001,0.473794549703598,1.9732050807568817,0.9015358663794272
32,ROPTIC,OpticNerve_R,0522c0001,0.45627376437187195,2.23606797749979,1.027851736206112
33,LPAR,Parotid_L,0522c0001,0.7937116622924805,2.449489742783178,1.021962503489089
34,RPAR,Parotid_R,0522c0001,0.7647878527641296,3.0,1.2355353944833223
35,BSTEM,BrainStem,0522c0002,0.7243447303771973,4.58257569495584,2.215516021105487
36,CHIASM,Chiasm,0522c0002,0.3723404109477997,5.084166586553863,1.7477507530106127
37,MAND,Mandible,0522c0002,0.835200846195221,1.4142135623730951,0.772745277232201
38,LOPTIC,OpticNerve_L,0522c0002,0.5808147192001343,1.970710678118648,0.7969054210094957
39,ROPTIC,OpticNerve_R,0522c0002,0.5293276309967041,2.23606797749979,0.8658494655503162
40,LPAR,Parotid_L,0522c0002,0.8600305318832397,2.449489742783178,0.8164836137148035
41,RPAR,Parotid_R,0522c0002,0.8192157745361328,3.0,1.1736026630981338
42,BSTEM,BrainStem,0522c0003,0.7575164437294006,3.605551275463989,1.7662594317430764
43,CHIASM,Chiasm,0522c0003,0.3446761667728424,4.358898943540674,1.6504664278642909
44,MAND,Mandible,0522c0003,0.8199453949928284,1.4142135623730951,0.8347221666717666
45,LOPTIC,OpticNerve_L,0522c0003,0.5787106156349182,1.4142135623730951,0.7986838607089143
46,ROPTIC,OpticNerve_R,0522c0003,0.5507246255874634,1.7320508075688772,0.8198487477131826
47,LPAR,Parotid_L,0522c0003,0.852672278881073,2.23606797749979,0.7912015608874934
48,RPAR,Parotid_R,0522c0003,0.8587858080863953,2.23606797749979,0.7623660201668733
49,BSTEM,BrainStem,0522c0009,0.7446056008338928,3.605551275463989,1.8207028399055332
50,CHIASM,Chiasm,0522c0009,0.38055557012557983,4.123105625617661,1.5535593614216223
51,MAND,Mandible,0522c0009,0.8476797342300415,1.7320508075688772,1.1616381348521807
52,LOPTIC,OpticNerve_L,0522c0009,0.5423076748847961,1.7320508075688772,0.7726575010233023
53,ROPTIC,OpticNerve_R,0522c0009,0.5429141521453857,1.4142135623730951,0.7376846971787206
54,LPAR,Parotid_L,0522c0009,0.7810891270637512,6.164414002968976,1.6267041133686713
55,RPAR,Parotid_R,0522c0009,0.8589769601821899,2.0,0.8561033018101766
56,BSTEM,BrainStem,0522c0013,0.7469281554222107,3.3166247903554,1.6938802242967645
57,CHIASM,Chiasm,0522c0013,0.33576643466949463,6.324555320336759,1.6814469806080985
58,MAND,Mandible,0522c0013,0.8241036534309387,2.0,0.872283201789582
59,LOPTIC,OpticNerve_L,0522c0013,0.5750707983970642,1.4142135623730951,0.81153951619829
60,ROPTIC,OpticNerve_R,0522c0013,0.5714285969734192,1.6049159094905536,0.8034561774037721
61,LPAR,Parotid_L,0522c0013,0.8114835619926453,4.0,1.3000225253319222
62,RPAR,Parotid_R,0522c0013,0.7827095985412598,5.0,1.601980110230832
63,BSTEM,BrainStem,0522c0014,0.7135426998138428,4.69041575982343,2.4272939482239417
64,CHIASM,Chiasm,0522c0014,0.34153005480766296,4.242640687119285,1.4584582275031426
65,MAND,Mandible,0522c0014,0.8461840748786926,1.4142135623730951,0.8644792338746211
66,LOPTIC,OpticNerve_L,0522c0014,0.5698447823524475,2.8073214099741,0.789527641170403
67,ROPTIC,OpticNerve_R,0522c0014,0.5079365372657776,2.23606797749979,0.90007856278438
68,LPAR,Parotid_L,0522c0014,0.6861966848373413,5.385164807134504,2.21335867926427
69,RPAR,Parotid_R,0522c0014,0.8148329854011536,3.0,1.2194028928764933
70,BSTEM,BrainStem,0522c0017,0.767581045627594,3.7416573867739413,1.8055819261149324
71,CHIASM,Chiasm,0522c0017,0.22808510065078735,6.4031242374328485,2.559959774945496
72,MAND,Mandible,0522c0017,0.8173401951789856,2.0,0.9252887407765535
73,LOPTIC,OpticNerve_L,0522c0017,0.48275861144065857,5.0,0.9717815614204969
74,ROPTIC,OpticNerve_R,0522c0017,0.580152690410614,4.916515138991161,0.7995368692265139
75,LPAR,Parotid_L,0522c0017,0.8070926666259766,6.082762530298219,0.9044032138995016
76,RPAR,Parotid_R,0522c0017,0.7951464653015137,2.23606797749979,0.970417528073328
77,BSTEM,BrainStem,0522c0057,0.8545863032341003,3.1622776601683795,0.9301438609590454
78,CHIASM,Chiasm,0522c0057,,,
79,MAND,Mandible,0522c0057,0.8227163553237915,1.5890240472305441,0.8827034340608375
80,LOPTIC,OpticNerve_L,0522c0057,,,
81,ROPTIC,OpticNerve_R,0522c0057,,,
82,LPAR,Parotid_L,0522c0057,0.7893388867378235,4.123105625617661,1.5595156687432787
83,RPAR,Parotid_R,0522c0057,0.861564576625824,4.58257569495584,0.814482362219335
84,BSTEM,BrainStem,0522c0070,0.7823969721794128,4.123105625617661,1.5322549863577666
85,CHIASM,Chiasm,0522c0070,0.2622601389884949,7.874007874011811,2.745294182932024
86,MAND,Mandible,0522c0070,0.8498204350471497,1.4142135623730951,0.7686905544645126
87,LOPTIC,OpticNerve_L,0522c0070,0.5825932621955872,2.23606797749979,0.7725212014095739
88,ROPTIC,OpticNerve_R,0522c0070,0.5570599436759949,2.7988091673838635,0.7494811595441865
89,LPAR,Parotid_L,0522c0070,0.843033492565155,3.3166247903554,1.01050424334982
90,RPAR,Parotid_R,0522c0070,0.8340887427330017,3.0,0.9944508382350784
91,BSTEM,BrainStem,0522c0077,0.7769601345062256,3.1622776601683795,1.561898353712461
92,CHIASM,Chiasm,0522c0077,0.39613527059555054,8.237013576088481,0.8068241303325813
93,MAND,Mandible,0522c0077,0.8159902095794678,2.449489742783178,0.9818167613209821
94,LOPTIC,OpticNerve_L,0522c0077,0.5224963426589966,5.907566994274183,0.8737289822463571
95,ROPTIC,OpticNerve_R,0522c0077,0.608169436454773,1.4142135623730951,0.7422041335161833
96,LPAR,Parotid_L,0522c0077,0.8733634948730469,7.777973693897143,0.6826233713651979
97,RPAR,Parotid_R,0522c0077,0.8635051250457764,4.0,0.8382177433024627
98,BSTEM,BrainStem,0522c0079,0.7342602610588074,4.242640687119285,1.9209173619790971
99,CHIASM,Chiasm,0522c0079,0.2830188572406769,8.261100875939427,2.436382286362395
100,MAND,Mandible,0522c0079,0.806784451007843,2.0,0.9768322940270866
101,LOPTIC,OpticNerve_L,0522c0079,0.5748344659805298,2.8284271247461903,0.8626692356071372
102,ROPTIC,OpticNerve_R,0522c0079,0.4637305736541748,2.0,1.0801417592099893
103,LPAR,Parotid_L,0522c0079,0.8613172769546509,3.0,0.8146689699994801
104,RPAR,Parotid_R,0522c0079,0.8533511161804199,2.8284271247461903,0.7543060549049103
105,BSTEM,BrainStem,0522c0081,0.8068969249725342,3.1622776601683795,1.5478459406543108
106,CHIASM,Chiasm,0522c0081,0.3251633942127228,6.4031242374328485,1.994228191612994
107,MAND,Mandible,0522c0081,0.8295520544052124,2.0,0.8823708436107576
108,LOPTIC,OpticNerve_L,0522c0081,0.4665178656578064,4.242640687119285,0.993324017037183
109,ROPTIC,OpticNerve_R,0522c0081,0.49163180589675903,4.979128784747787,0.9481812340128644
110,LPAR,Parotid_L,0522c0081,0.8326375484466553,3.0,1.3160652474973522
111,RPAR,Parotid_R,0522c0081,0.8415289521217346,3.1622776601683795,1.3017938181727218
112,BSTEM,BrainStem,0522c0125,0.8303340077400208,3.0,0.8136430758484655
113,CHIASM,Chiasm,0522c0125,,,
114,MAND,Mandible,0522c0125,0.7740656137466431,2.0,0.8444251717813948
115,LOPTIC,OpticNerve_L,0522c0125,,,
116,ROPTIC,OpticNerve_R,0522c0125,,,
117,LPAR,Parotid_L,0522c0125,0.8429883122444153,3.7416573867739413,0.7535276567526185
118,RPAR,Parotid_R,0522c0125,0.8307692408561707,3.0,0.8800205116051808
119,BSTEM,BrainStem,0522c0132,0.7281423211097717,5.0,1.9848808437889671
120,CHIASM,Chiasm,0522c0132,0.47096773982048035,7.531857301718061,0.7912896732361501
121,MAND,Mandible,0522c0132,0.8103693723678589,2.0,0.845264779175027
122,LOPTIC,OpticNerve_L,0522c0132,0.548701286315918,1.4142135623730951,0.8096980868042825
123,ROPTIC,OpticNerve_R,0522c0132,0.522765576839447,2.0,0.8585727599607242
124,LPAR,Parotid_L,0522c0132,0.8767328858375549,2.8284271247461903,0.7027804775805431
125,RPAR,Parotid_R,0522c0132,0.8246523141860962,5.916079783099616,0.8997148371015444
126,BSTEM,BrainStem,0522c0147,0.22848576307296753,18.601075237738275,3.2988855071682224
127,CHIASM,Chiasm,0522c0147,0.24683544039726257,16.522711641858304,1.4639523890308135
128,MAND,Mandible,0522c0147,0.7190107107162476,111.55716023635597,9.317260576850218
129,LOPTIC,OpticNerve_L,0522c0147,0.5107266306877136,7.0710678118654755,0.8010257132335639
130,ROPTIC,OpticNerve_R,0522c0147,0.6508803963661194,2.23606797749979,0.8515176155613434
131,LPAR,Parotid_L,0522c0147,0.6025484800338745,12.206555615733702,2.6681582967807467
132,RPAR,Parotid_R,0522c0147,0.7249206304550171,9.433981132056603,2.438629183145571
133,BSTEM,BrainStem,0522c0149,0.7008258104324341,4.123105625617661,2.1784949753244947
134,CHIASM,Chiasm,0522c0149,0.2880886495113373,6.516379626418065,0.6195403727793979
135,MAND,Mandible,0522c0149,0.804046630859375,2.0,0.9627024464510072
136,LOPTIC,OpticNerve_L,0522c0149,0.4895833432674408,31.043731372220133,0.6094896574945242
137,ROPTIC,OpticNerve_R,0522c0149,0.5053763389587402,2.0,0.8644774187752307
138,LPAR,Parotid_L,0522c0149,0.8692611455917358,4.242640687119285,0.7744552504161546
139,RPAR,Parotid_R,0522c0149,0.8878087997436523,2.8284271247461903,0.7978564403729329
140,BSTEM,BrainStem,0522c0159,0.7306769490242004,4.242640687119285,2.0183754654887394
141,CHIASM,Chiasm,0522c0159,0.3697725534439087,10.862780491200215,3.173825360146526
142,MAND,Mandible,0522c0159,0.8109725713729858,2.0,1.0312704221940245
143,LOPTIC,OpticNerve_L,0522c0159,0.5128205418586731,7.155088655302976,0.9511945771922704
144,ROPTIC,OpticNerve_R,0522c0159,0.5041841268539429,8.229029739806354,1.0268902443750785
145,LPAR,Parotid_L,0522c0159,0.859237015247345,4.123105625617661,1.1958779118946308
146,RPAR,Parotid_R,0522c0159,0.8437938094139099,5.0,1.468795273189832
147,BSTEM,BrainStem,0522c0161,0.7762041687965393,3.605551275463989,1.8437388682221039
148,CHIASM,Chiasm,0522c0161,0.257485032081604,8.034020267155531,2.4324365056126163
149,MAND,Mandible,0522c0161,0.7924656271934509,2.0,0.9634736975820113
150,LOPTIC,OpticNerve_L,0522c0161,0.5353319048881531,1.7320508075688772,0.8939607910122407
151,ROPTIC,OpticNerve_R,0522c0161,0.4846416413784027,2.0,0.9252190209393796
152,LPAR,Parotid_L,0522c0161,0.8573606014251709,6.164414002968976,0.8603940130065394
153,RPAR,Parotid_R,0522c0161,0.8846153616905212,6.082762530298219,0.7786426412331755
154,BSTEM,BrainStem,0522c0190,0.6942678689956665,5.0,2.366312745780906
155,CHIASM,Chiasm,0522c0190,0.46967339515686035,5.477225575051661,1.6220904430750058
156,MAND,Mandible,0522c0190,0.7468733787536621,3.0,1.133404687583495
157,LOPTIC,OpticNerve_L,0522c0190,0.4984227120876312,2.23606797749979,0.9330089536380421
158,ROPTIC,OpticNerve_R,0522c0190,0.47949525713920593,2.0,0.9700259231916494
159,LPAR,Parotid_L,0522c0190,0.8481247425079346,3.0,0.8324060600028391
160,RPAR,Parotid_R,0522c0190,0.6318244934082031,10.816653826391969,2.6720950631452856
161,BSTEM,BrainStem,0522c0195,0.6567589640617371,4.0,2.319512066206625
162,CHIASM,Chiasm,0522c0195,0.24190065264701843,6.049657518178931,1.6926519305451346
163,MAND,Mandible,0522c0195,0.7965077757835388,2.0,1.2199783808183844
164,LOPTIC,OpticNerve_L,0522c0195,0.5940860509872437,3.605551275463989,0.7706721621596185
165,ROPTIC,OpticNerve_R,0522c0195,0.48076921701431274,2.0,1.0494831239380626
166,LPAR,Parotid_L,0522c0195,0.8590235710144043,2.449489742783178,0.7448595545340198
167,RPAR,Parotid_R,0522c0195,0.8535898923873901,2.449489742783178,0.7236285889481884
168,BSTEM,BrainStem,0522c0226,0.7722882032394409,3.7416573867739413,1.8163409488935784
169,CHIASM,Chiasm,0522c0226,0.3390728533267975,7.08162190436708,2.215531522461223
170,MAND,Mandible,0522c0226,0.8299337029457092,2.0,0.9685591315371018
171,LOPTIC,OpticNerve_L,0522c0226,0.6185044646263123,3.605551275463989,0.7138576037322074
172,ROPTIC,OpticNerve_R,0522c0226,0.5912596583366394,2.3249218495867363,0.7440029543608688
173,LPAR,Parotid_L,0522c0226,0.8569422960281372,3.3166247903554,1.0716299816804489
174,RPAR,Parotid_R,0522c0226,0.8618236780166626,3.3166247903554,0.9567461910184397
175,BSTEM,BrainStem,0522c0248,0.7652301788330078,4.123105625617661,1.9902828449186318
176,CHIASM,Chiasm,0522c0248,0.28387096524238586,9.643650760992955,3.1247084504743445
177,MAND,Mandible,0522c0248,0.7937347888946533,3.0,1.1409723825947038
178,LOPTIC,OpticNerve_L,0522c0248,0.5477706789970398,7.3808088542555295,0.8091673712942474
179,ROPTIC,OpticNerve_R,0522c0248,0.4684210419654846,6.141944149222901,1.0084009875806856
180,LPAR,Parotid_L,0522c0248,0.7763770818710327,4.58257569495584,1.5653522312951615
181,RPAR,Parotid_R,0522c0248,0.8957768678665161,2.23606797749979,0.6396117605876449
182,BSTEM,BrainStem,0522c0251,0.8490215539932251,3.1622776601683795,1.0061084532960163
183,CHIASM,Chiasm,0522c0251,,,
184,MAND,Mandible,0522c0251,0.7934300899505615,2.0,1.0444987498249694
185,LOPTIC,OpticNerve_L,0522c0251,,,
186,ROPTIC,OpticNerve_R,0522c0251,,,
187,LPAR,Parotid_L,0522c0251,0.8163563013076782,3.3166247903554,1.2698711577736195
188,RPAR,Parotid_R,0522c0251,0.7986550331115723,4.242640687119285,1.3202376248089445
189,BSTEM,BrainStem,0522c0253,0.7400929927825928,4.123105625617661,2.201601107123367
190,CHIASM,Chiasm,0522c0253,0.24537815153598785,9.273618495495704,3.2311933597071403
191,MAND,Mandible,0522c0253,0.834570050239563,2.0,0.9338549622946717
192,LOPTIC,OpticNerve_L,0522c0253,0.575020968914032,3.1622776601683795,0.9062331497823156
193,ROPTIC,OpticNerve_R,0522c0253,0.5013428926467896,2.23606797749979,1.0163873082622505
194,LPAR,Parotid_L,0522c0253,0.8418449759483337,4.0,1.2833248196978946
195,RPAR,Parotid_R,0522c0253,0.829108715057373,5.0,1.305266482127311
196,BSTEM,BrainStem,0522c0328,0.7160805463790894,4.0,2.0814253746456304
197,CHIASM,Chiasm,0522c0328,0.21766561269760132,10.04987562112089,3.2297747459000288
198,MAND,Mandible,0522c0328,0.804881751537323,1.4142135623730951,1.7177368030741031
199,LOPTIC,OpticNerve_L,0522c0328,0.5840938687324524,3.3166247903554,0.7414045221845635
200,ROPTIC,OpticNerve_R,0522c0328,0.5621469020843506,6.4031242374328485,0.7305767453159785
201,LPAR,Parotid_L,0522c0328,0.7941322922706604,3.1622776601683795,0.893279468752679
202,RPAR,Parotid_R,0522c0328,0.833552360534668,2.449489742783178,0.86497747103498
203,BSTEM,BrainStem,0522c0329,0.683099091053009,4.0,2.1221137430639985
204,CHIASM,Chiasm,0522c0329,0.328657329082489,5.0990195135927845,1.647897454932339
205,LOPTIC,OpticNerve_L,0522c0329,0.6429840326309204,1.4142135623730951,0.6727869503884997
206,ROPTIC,OpticNerve_R,0522c0329,0.46666666865348816,1.7320508075688772,0.8857622482585922
207,LPAR,Parotid_L,0522c0329,0.5435367822647095,6.367768224739605,2.2997895997729048
208,RPAR,Parotid_R,0522c0329,0.5840062499046326,5.744562646538029,2.0488054456665163
209,BSTEM,BrainStem,0522c0330,0.7470113635063171,3.605551275463989,1.8873271036844261
210,CHIASM,Chiasm,0522c0330,0.08152174204587936,14.394352974564775,5.316163105513477
211,LOPTIC,OpticNerve_L,0522c0330,0.5501354932785034,9.9498743710662,0.8010251765445532
212,ROPTIC,OpticNerve_R,0522c0330,0.5572354197502136,7.822850079526251,0.8738503342426487
213,LPAR,Parotid_L,0522c0330,0.8497872352600098,4.123105625617661,1.083483551608428
214,RPAR,Parotid_R,0522c0330,0.8468196988105774,3.1622776601683795,0.9798336358049929
215,BSTEM,BrainStem,0522c0427,0.723883330821991,4.123105625617661,2.1695183740667945
216,CHIASM,Chiasm,0522c0427,0.30933332443237305,9.0,1.827206242529382
217,LOPTIC,OpticNerve_L,0522c0427,0.5068762302398682,1.7320508075688772,0.9607577904136372
218,ROPTIC,OpticNerve_R,0522c0427,0.4819277226924896,1.7320508075688772,0.9632898777980702
219,LPAR,Parotid_L,0522c0427,0.881706953048706,3.0,1.096348160309622
220,RPAR,Parotid_R,0522c0427,0.8933447003364563,2.449489742783178,0.8568542055890105
221,BSTEM,BrainStem,0522c0433,0.7986148595809937,2.8284271247461903,1.2963802974922962
222,CHIASM,Chiasm,0522c0433,0.2938230335712433,6.7156165375619565,2.414844947129076
223,LOPTIC,OpticNerve_L,0522c0433,0.4146341383457184,5.860746655734311,0.8704369540836723
224,ROPTIC,OpticNerve_R,0522c0433,0.44803693890571594,5.643269777374484,0.9614965792093623
225,LPAR,Parotid_L,0522c0433,0.8424078822135925,2.449489742783178,0.8726493724381672
226,RPAR,Parotid_R,0522c0433,0.8667188882827759,2.449489742783178,0.6820303725965766
227,BSTEM,BrainStem,0522c0441,0.8499929308891296,3.0,1.1854074390538607
228,CHIASM,Chiasm,0522c0441,0.1543026715517044,3.605551275463989,1.8397479090549973
229,LOPTIC,OpticNerve_L,0522c0441,0.5559380650520325,2.23606797749979,1.0502037193964973
230,ROPTIC,OpticNerve_R,0522c0441,0.40109890699386597,2.449489742783178,1.4643140632297598
231,LPAR,Parotid_L,0522c0441,0.8500505089759827,3.3166247903554,1.2988006427754868
232,RPAR,Parotid_R,0522c0441,0.862104594707489,3.0,1.0545500582753093
233,BSTEM,BrainStem,0522c0455,0.7472097873687744,4.0,1.8087466636107683
234,CHIASM,Chiasm,0522c0455,0.37392374873161316,5.477225575051661,1.9723129704907394
235,LOPTIC,OpticNerve_L,0522c0455,0.4932515323162079,1.7320508075688772,0.9834664964327928
236,ROPTIC,OpticNerve_R,0522c0455,0.5904762148857117,2.0,0.8334183145512863
237,LPAR,Parotid_L,0522c0455,0.8807880282402039,2.23606797749979,0.6914438726410688
238,RPAR,Parotid_R,0522c0455,0.8626420497894287,3.0,0.8586372375419326
239,BSTEM,BrainStem,0522c0457,0.7804984450340271,3.0,1.5882845593811936
240,CHIASM,Chiasm,0522c0457,0.33193278312683105,5.069313659514948,1.7409010453652864
241,LOPTIC,OpticNerve_L,0522c0457,0.4333333373069763,2.449489742783178,1.0670781036702766
242,ROPTIC,OpticNerve_R,0522c0457,0.46909090876579285,2.23606797749979,1.0290803013030454
243,LPAR,Parotid_L,0522c0457,0.82571941614151,4.242640687119285,1.0855783780551174
244,RPAR,Parotid_R,0522c0457,0.8999260067939758,2.23606797749979,0.7505363572031201
245,BSTEM,BrainStem,0522c0479,0.7379065752029419,4.242640687119285,2.0211874491193664
246,CHIASM,Chiasm,0522c0479,0.3216424286365509,7.681145747868608,2.3304446527004785
247,LOPTIC,OpticNerve_L,0522c0479,0.5364806652069092,4.3918126112414715,0.8664859029571549
248,ROPTIC,OpticNerve_R,0522c0479,0.521541953086853,3.605551275463989,0.8928547095849663
249,LPAR,Parotid_L,0522c0479,0.8074232339859009,4.0,1.1468233660998426
250,RPAR,Parotid_R,0522c0479,0.822496235370636,4.58257569495584,0.9231359195163934
251,BSTEM,BrainStem,0522c0555,0.6867581009864807,5.0990195135927845,2.830166017650461
252,CHIASM,Chiasm,0522c0555,0.19595035910606384,10.515719660756204,2.8927571328352126
253,MAND,Mandible,0522c0555,0.8664656281471252,1.7320508075688772,0.9547496043283835
254,LOPTIC,OpticNerve_L,0522c0555,0.4616822302341461,2.0,1.1392321823571376
255,ROPTIC,OpticNerve_R,0522c0555,0.4254090487957001,2.153444185374858,1.1901092676626088
256,LPAR,Parotid_L,0522c0555,0.8518533110618591,2.8284271247461903,1.0724381305337234
257,RPAR,Parotid_R,0522c0555,0.8842443823814392,2.449489742783178,0.9031470985284409
258,BSTEM,BrainStem,0522c0576,0.7386996150016785,4.123105625617661,2.1921546130948735
259,CHIASM,Chiasm,0522c0576,0.3075506389141083,7.874007874011811,2.387084592413765
260,MAND,Mandible,0522c0576,0.8014865517616272,1.7320508075688772,0.942642124200967
261,LOPTIC,OpticNerve_L,0522c0576,0.5517241358757019,2.0,0.8890205615260727
262,ROPTIC,OpticNerve_R,0522c0576,0.5221238732337952,3.605551275463989,0.95366930853379
263,LPAR,Parotid_L,0522c0576,0.871687114238739,2.4281475662548586,0.9068871043449874
264,RPAR,Parotid_R,0522c0576,0.8828751444816589,2.449489742783178,0.8094515288128639
265,BSTEM,BrainStem,0522c0598,0.6547536253929138,5.0,2.6143496946821356
266,CHIASM,Chiasm,0522c0598,0.4269377291202545,6.156248855701898,2.0176762560750765
267,MAND,Mandible,0522c0598,0.8460803627967834,1.4142135623730951,2.692033366902298
268,LOPTIC,OpticNerve_L,0522c0598,0.43589743971824646,3.605551275463989,1.0307779398168486
269,ROPTIC,OpticNerve_R,0522c0598,0.42628204822540283,2.23606797749979,1.070126343757546
270,LPAR,Parotid_L,0522c0598,0.8781406283378601,2.23606797749979,0.8740971108542109
271,RPAR,Parotid_R,0522c0598,0.8812827467918396,2.449489742783178,0.7638402049478579
272,BSTEM,BrainStem,0522c0659,0.7495052814483643,3.5701888603824306,1.6657047168973038
273,CHIASM,Chiasm,0522c0659,0.5092592835426331,3.105480479109443,0.9259423314790006
274,MAND,Mandible,0522c0659,0.8503010869026184,2.0,0.8423033961720283
275,LOPTIC,OpticNerve_L,0522c0659,0.4183313846588135,3.1217082451262845,1.1041313191603677
276,ROPTIC,OpticNerve_R,0522c0659,0.3672390878200531,2.23606797749979,1.2422963982388997
277,LPAR,Parotid_L,0522c0659,0.8109589219093323,3.605551275463989,1.1028159857431876
278,RPAR,Parotid_R,0522c0659,0.8161050081253052,3.1622776601683795,0.9965056525722988
279,BSTEM,BrainStem,0522c0661,0.7760770916938782,3.1622776601683795,1.7903791944583827
280,CHIASM,Chiasm,0522c0661,0.2870813310146332,10.611161882352235,3.613156554693347
281,MAND,Mandible,0522c0661,0.7948817014694214,2.0,1.0990511093320883
282,LOPTIC,OpticNerve_L,0522c0661,0.44041451811790466,6.708203932499369,0.9540369107099478
283,ROPTIC,OpticNerve_R,0522c0661,0.4543378949165344,5.0,0.9940273908297462
284,LPAR,Parotid_L,0522c0661,0.8965062499046326,2.449489742783178,0.650342004794399
285,RPAR,Parotid_R,0522c0661,0.8359843492507935,4.164942897143218,1.01972717409917
286,BSTEM,BrainStem,0522c0667,0.7280136346817017,4.499745889988644,2.0519460097333946
287,CHIASM,Chiasm,0522c0667,0.0,6.164414002968976,1.4372721289993002
288,MAND,Mandible,0522c0667,0.8279284834861755,2.0,0.9152419764814577
289,LOPTIC,OpticNerve_L,0522c0667,0.4944751262664795,2.0,0.9543975829731486
290,ROPTIC,OpticNerve_R,0522c0667,0.3790087401866913,2.23606797749979,1.1706626426109792
291,LPAR,Parotid_L,0522c0667,0.8678888082504272,3.0,0.7974922744329954
292,RPAR,Parotid_R,0522c0667,0.8906077146530151,2.23606797749979,0.763844685529744
293,BSTEM,BrainStem,0522c0669,0.7635745406150818,3.7416573867739413,1.8108845411985814
294,CHIASM,Chiasm,0522c0669,0.441904753446579,3.0,1.0244013095435605
295,MAND,Mandible,0522c0669,0.85270756483078,1.7320508075688772,0.8367390159297416
296,LOPTIC,OpticNerve_L,0522c0669,0.49211356043815613,2.449489742783178,1.0551956942748197
297,ROPTIC,OpticNerve_R,0522c0669,0.4046434462070465,2.23606797749979,1.0999320131462995
298,LPAR,Parotid_L,0522c0669,0.8540235161781311,3.7416573867739413,0.8420446230479048
299,RPAR,Parotid_R,0522c0669,0.8473024964332581,3.0,0.9365138001273607
300,BSTEM,BrainStem,0522c0708,0.803040623664856,3.4711740981540276,1.4130409719250767
301,CHIASM,Chiasm,0522c0708,0.3333333432674408,7.134392366875112,2.4796890629545416
302,MAND,Mandible,0522c0708,0.8535148501396179,1.4142135623730951,0.7160918688209582
303,LOPTIC,OpticNerve_L,0522c0708,0.3633093535900116,5.0,1.2207077923668435
304,ROPTIC,OpticNerve_R,0522c0708,0.4253859221935272,2.5026295937606635,1.0696897016130071
305,LPAR,Parotid_L,0522c0708,0.860130250453949,2.8284271247461903,0.930679706992632
306,RPAR,Parotid_R,0522c0708,0.8360735177993774,3.1622776601683795,1.0804869823210608
307,BSTEM,BrainStem,0522c0727,0.7049872279167175,5.0,2.2626495330366754
308,CHIASM,Chiasm,0522c0727,0.39593908190727234,7.280109889280518,2.3945281317758123
309,MAND,Mandible,0522c0727,0.8495157957077026,2.0,0.8367044862867516
310,LOPTIC,OpticNerve_L,0522c0727,0.4469820559024811,4.743559577416266,1.0030375630161819
311,ROPTIC,OpticNerve_R,0522c0727,0.45350733399391174,2.473011636398353,1.0339863983644948
312,LPAR,Parotid_L,0522c0727,0.8584816455841064,3.0,0.8710056561057408
313,RPAR,Parotid_R,0522c0727,0.8683214783668518,3.0,0.8082435940726553
314,BSTEM,BrainStem,0522c0746,0.8370829820632935,3.0,0.9945025683290754
315,CHIASM,Chiasm,0522c0746,,,
316,MAND,Mandible,0522c0746,0.8532308340072632,1.4142135623730951,0.6621136918570084
317,LOPTIC,OpticNerve_L,0522c0746,,,
318,ROPTIC,OpticNerve_R,0522c0746,,,
319,LPAR,Parotid_L,0522c0746,0.8624615669250488,2.9571067811865475,0.8691190806604201
320,RPAR,Parotid_R,0522c0746,0.7875178456306458,3.7416573867739413,1.4749405240819318
321,BSTEM,BrainStem,0522c0788,0.726621687412262,4.123105625617661,2.158133287620619
322,CHIASM,Chiasm,0522c0788,0.2713567912578583,7.681145747868608,2.623000090487253
323,MAND,Mandible,0522c0788,0.8263070583343506,2.0,0.8776189690099977
324,LOPTIC,OpticNerve_L,0522c0788,0.4498480260372162,3.361750787051399,1.0674011108713433
325,ROPTIC,OpticNerve_R,0522c0788,0.3827160596847534,3.637405746046743,1.179469020327915
326,LPAR,Parotid_L,0522c0788,0.810244083404541,3.2162991557338225,1.1927881679682266
327,RPAR,Parotid_R,0522c0788,0.8219931125640869,3.1622776601683795,1.2047538823522226
328,BSTEM,BrainStem,0522c0806,0.738457441329956,4.242640687119285,2.047693126900054
329,CHIASM,Chiasm,0522c0806,0.22962963581085205,9.46569224112572,3.180215572061101
330,MAND,Mandible,0522c0806,0.8123885989189148,3.0,1.121286715405588
331,LOPTIC,OpticNerve_L,0522c0806,0.39855942130088806,5.0990195135927845,1.161804675360705
332,ROPTIC,OpticNerve_R,0522c0806,0.3321123421192169,5.425918223488186,1.2042160426084958
333,LPAR,Parotid_L,0522c0806,0.8355371356010437,5.196152422706632,0.8518439483658958
334,RPAR,Parotid_R,0522c0806,0.8509312272071838,3.7416573867739413,0.874760783031751
335,BSTEM,BrainStem,0522c0845,0.7491706609725952,3.7416573867739413,1.9687384759663773
336,CHIASM,Chiasm,0522c0845,0.3253234624862671,5.0,1.800979065467853
337,MAND,Mandible,0522c0845,0.8184940814971924,1.4142135623730951,0.8536142733897812
338,LOPTIC,OpticNerve_L,0522c0845,0.46390169858932495,2.0,1.0084288958662302
339,ROPTIC,OpticNerve_R,0522c0845,0.3492063581943512,2.9449957473538535,1.2966075542026814
340,LPAR,Parotid_L,0522c0845,0.8713089227676392,3.0,0.8907915085823713
341,RPAR,Parotid_R,0522c0845,0.8562796115875244,3.0,0.9639542479544387
342,BSTEM,BrainStem,0522c0857,0.7853146195411682,3.1622776601683795,1.6389805386431955
343,CHIASM,Chiasm,0522c0857,0.2711864411830902,6.049657518178931,1.8431691257306457
344,MAND,Mandible,0522c0857,0.8645210862159729,1.4142135623730951,0.7161905221759202
345,LOPTIC,OpticNerve_L,0522c0857,0.43916913866996765,2.23606797749979,1.1175658430626245
346,ROPTIC,OpticNerve_R,0522c0857,0.4083769619464874,2.0,1.116252023062999
347,LPAR,Parotid_L,0522c0857,0.8709238767623901,3.1622776601683795,0.8541578593366292
348,RPAR,Parotid_R,0522c0857,0.8377194404602051,3.0,1.0571946579901788
349,BSTEM,BrainStem,0522c0878,0.7608076930046082,3.1622776601683795,1.876746432171636
350,CHIASM,Chiasm,0522c0878,0.2916666567325592,5.826632432429931,2.1293793578145497
351,MAND,Mandible,0522c0878,0.85821533203125,1.4142135623730951,0.6412283715261669
352,LOPTIC,OpticNerve_L,0522c0878,0.503496527671814,3.7076308589464535,0.8684975835854603
353,ROPTIC,OpticNerve_R,0522c0878,0.36720141768455505,2.23606797749979,1.1821572957237574
354,LPAR,Parotid_L,0522c0878,0.8539953231811523,2.8284271247461903,0.8029637166581636
355,RPAR,Parotid_R,0522c0878,0.8607674837112427,2.449489742783178,0.8707699805997959
