,Brainstem,SpinalCord,Esophagus,Larynx,Mandible_Bone,Parotid_L,Parotid_R,Acoustic_L,Acoustic_R,Lens_L,Lens_R,Eye_L,Eye_R,Nrv_Optic_L,Nrv_Optic_R,OpticChiasm
0,0.7975089783754872,0.8556748821756934,0.5612093399919017,0.39839628613631567,0.8849349039057657,0.9092526690391459,0.8666423535132507,0.31343283582089554,0.2775229357798165,0.6794520547945205,0.7377049180327869,0.8993141289437586,0.861216176898458,0.5873015873015873,0.504950495049505,0.0
1,0.8463748683076334,0.8641755944604128,0.6495771670190275,0.3815409971157808,0.8560611244155548,0.8150644202180377,0.8291000922733233,0.37443744374437443,0.3206751054852321,0.6007067137809188,0.5487364620938628,0.8527243821361469,0.8592592592592593,0.5290519877675841,0.6078431372549019,0.0
2,0.825829887544924,0.8399182237436409,0.6819558632626569,0.3347886669763121,0.8719136452323802,0.808962607303943,0.8835849205721963,0.43802816901408453,0.350188679245283,0.833922261484099,0.9169960474308301,0.887076217180729,0.8880896389542122,0.643646408839779,0.6666666666666666,0.5361803084223014
3,0.8230361871138571,0.8485934777196913,0.5711553175210405,0.36996446765700586,0.8771423605075612,0.8538580246913581,0.8922436655922314,0.2497541789577188,0.23839662447257384,0.576,0.6496815286624203,0.9261381725565107,0.8728617660656496,0.5808695652173913,0.5379746835443038,0.27289048473967686
4,0.0,0.0,0.0,0.0,0.0,0.0,0.0,0.0,0.0,0.0,0.0,0.0,0.0,0.0,0.0,0.0
5,0.816104971296911,0.8575291090663294,0.5422764227642276,0.42531790489430427,0.8741717477155935,0.8149356882319063,0.848068669527897,0.3336422613531047,0.2732049036777583,0.4918032786885246,0.6159695817490495,0.9070194781330393,0.9053577937067185,0.6177606177606177,0.6642335766423357,0.40476190476190477
6,0.853263218556404,0.8590256760714634,0.6385007947795532,0.5086744432661718,0.9046665202052183,0.8372750844660957,0.8362209584270158,0.3113342898134864,0.2702702702702703,0.6620689655172414,0.5490196078431373,0.9295003422313484,0.8580281690140845,0.5972222222222222,0.6659815005138746,0.5571095571095571
7,0.8736035049288061,0.8514632799558255,0.5685781053388459,0.3484438129911646,0.8760504872982905,0.8692208794034456,0.8427702662809234,0.3191673894189072,0.2923387096774194,0.6907630522088354,0.7889273356401384,0.9286936679977182,0.9117208470026842,0.4851063829787234,0.6618531889290012,0.6500541711809318
8,0.0,0.6906771712624273,0.4452716149480357,0.16363409770687937,0.0,0.0,0.0,0.0,0.0,0.0,0.0,0.0,0.0,0.0,0.0,0.0
9,0.8760824926345862,0.8154936571712338,0.6475539628302358,0.44593193174318846,0.9019561037066508,0.8643752054644409,0.8763817784589298,0.32744186046511625,0.3952855847688123,0.8429752066115702,0.6764705882352942,0.8988932096918935,0.8943640283338467,0.5626134301270418,0.7254305977710233,0.4918032786885246
10,0.8268077862482421,0.8530514831230822,0.5959367945823928,0.35965009412025245,0.8807365573537089,0.8224998851577932,0.8366692526506335,0.31959629941127,0.31072961373390556,0.673202614379085,0.6713780918727915,0.874076101834109,0.8875674180611257,0.5739910313901345,0.5949214026602176,0.6639089968976215
11,0.8490469786207856,0.8589007868425723,0.7125075528700906,0.3221111111111111,0.8869831276386049,0.8792308119824376,0.897824728801045,0.34811165845648606,0.37014314928425357,0.7947598253275109,0.723404255319149,0.9080034178296782,0.901416678837447,0.6757575757575758,0.6448736998514116,0.0
12,0.8310740824138707,0.8397143040988353,0.7906793048973144,0.3986992361793844,0.8873463904218748,0.8653022777872923,0.8511541072640869,0.4349775784753363,0.3841698841698842,0.833976833976834,0.8222222222222222,0.8711752706731524,0.8632228719948019,0.6050228310502284,0.7137452711223203,0.39627906976744187
13,0.8995868667101544,0.8654385482540555,0.6560754623308924,0.390506606550191,0.8762674271229405,0.9003979533826038,0.8507377685736475,0.41384995877988456,0.29133858267716534,0.6,0.6574074074074074,0.9288401253918496,0.9147022332506204,0.7142857142857143,0.7347611202635914,0.6915887850467289
14,0.8485477921426781,0.8393201488856002,0.5618898186889819,0.36664930637753895,0.8919198402510341,0.891070820978953,0.9036421116452298,0.3586321934945788,0.3103825136612022,0.728744939271255,0.7679324894514767,0.9137145377039542,0.900898247680754,0.6482593037214885,0.7321428571428571,0.7009267059814659
15,0.8570464988828465,0.805650179406822,0.603237132825212,0.337442218798151,0.8872944803288315,0.849689011748445,0.8863338496366019,0.36228287841191065,0.35678391959798994,0.7132352941176471,0.4634146341463415,0.8351119795580941,0.8887892376681614,0.49066002490660027,0.6588003933136677,0.5714285714285714
16,0.8384287482238622,0.8516269477543538,0.7345436292144232,0.4508837525492862,0.8670414385380235,0.8457268224578666,0.8767585164515754,0.39364303178484106,0.28488372093023256,0.5524475524475524,0.6810035842293907,0.8601020250425104,0.8833716475095785,0.6026315789473684,0.6411238825031929,0.10119047619047619
17,0.8550614146548073,0.8555246325862995,0.5842656403830663,0.4290320269398868,0.8721438988818668,0.8356871419658556,0.8226177503329701,0.30637488106565175,0.36327739387956565,0.5714285714285714,0.6666666666666666,0.8658991910392034,0.8824965132496513,0.7520161290322581,0.7365010799136069,0.5811659192825112
18,0.8318828567481696,0.8428040361125863,0.7473150717992035,0.36999862505156056,0.8813479770956538,0.8451022483335217,0.8848749952863985,0.4207533759772566,0.417027417027417,0.6213592233009708,0.6344086021505376,0.9284032682453954,0.8918607995398332,0.43296432964329645,0.49019607843137253,0.626
19,0.7370214083852735,0.8549566891241579,0.5686733958183129,0.31696639848556557,0.8727048853800746,0.8637639781108731,0.8747135217723453,0.30639324487334135,0.31752178121974833,0.6846846846846847,0.6255924170616114,0.8720699245133094,0.8501540832049307,0.6007702182284981,0.6232073011734028,0.44785276073619634
20,0.0,0.0,0.0,0.0,0.0,0.0,0.0,0.0,0.0,0.0,0.0,0.0,0.0,0.0,0.0,0.0
21,0.8381205120199813,0.8501600853788688,0.5162516251625162,0.334718588066287,0.8658312188886091,0.8002032004064008,0.803662150719729,0.3432406519654842,0.3057324840764331,0.6744186046511628,0.71,0.8051470588235294,0.8735861610113107,0.5669291338582677,0.6037296037296037,0.5801376597836775
22,0.8378594585491137,0.8126773888363292,0.6147559089905015,0.3464893552125907,0.8830994008043995,0.8181026979982594,0.8808612684320628,0.3660130718954248,0.33238366571699907,0.8027210884353742,0.6825938566552902,0.9048614013093745,0.8651749856569134,0.5680933852140078,0.6625766871165644,0.4708209693372898
23,0.0,0.7180967618517616,0.25542389853137515,0.29355677549841086,0.7611441451945125,0.5247335772228408,0.5667555805138285,0.0,0.0,0.0,0.0,0.0,0.0,0.0,0.0,0.0
24,0.7244407908968978,0.8244018716341485,0.5568424458104173,0.3673806248771861,0.8702883543093834,0.872989519560029,0.8602544242594939,0.3129689174705252,0.2834170854271357,0.6532258064516129,0.7254237288135593,0.9337470907680372,0.9106647068430508,0.56575682382134,0.6600284495021337,0.33612040133779264
25,0.798821872198745,0.870716182607596,0.5989019861133538,0.34899749373433586,0.8807345598337857,0.8682899045991741,0.8534360795882123,0.409683426443203,0.2726387536514119,0.7898089171974523,0.677115987460815,0.8510399100618324,0.8826188193398165,0.7247956403269755,0.6572164948453608,0.02518891687657431
26,0.8607278596345083,0.8704148813878149,0.7189120663823902,0.47950388900567587,0.8870771788477524,0.8529527008116429,0.820025702631726,0.3603431839847474,0.32196162046908317,0.7896678966789668,0.5848375451263538,0.9288104654700334,0.8924340546517138,0.7214484679665738,0.6692913385826772,0.0
27,0.8621445885114079,0.8583695322759874,0.7036750483558994,0.4064867738933936,0.8933935166187936,0.8510207311283431,0.8569979394515771,0.3717105263157895,0.27914893617021275,0.549618320610687,0.8142857142857143,0.8602402578376794,0.8560794044665012,0.6252983293556086,0.6551724137931034,0.6843373493975904
28,0.8226298542317978,0.8464544414792222,0.7673725490196078,0.36163279307092017,0.9020337891745868,0.8702559010985491,0.8345026826248453,0.41857241857241856,0.38228782287822877,0.6335877862595419,0.6446886446886447,0.8921330089213301,0.903619470253779,0.6466346153846154,0.49748743718592964,0.33540372670807456
29,0.8519594305033094,0.8829495494711183,0.5214312808193198,0.2807245552757696,0.8770969660916121,0.8709904603367693,0.8897904808041661,0.43033800494641383,0.3856041131105398,0.6223776223776224,0.5771812080536913,0.9014972419227738,0.881475454298888,0.7236180904522613,0.6857142857142857,0.22535211267605634
30,0.7991344819139381,0.8172345082154641,0.5331166192604633,0.29481537365354793,0.8718808974627804,0.8646979515504719,0.8902512218125697,0.39408866995073893,0.3443223443223443,0.0,0.0,0.2567027952082145,0.5114560236511456,0.647985989492119,0.5913272010512484,0.3485714285714286
31,0.8005715306304697,0.8438033611934933,0.7360027146250424,0.4042899470016275,0.8686094987333692,0.8630697674418605,0.8504066714712242,0.40902255639097745,0.3330457290767903,0.7329192546583851,0.6690647482014388,0.8845374746792708,0.8363297376481555,0.5837173579109063,0.6935724962630793,0.5997818974918212
32,0.8579504704045902,0.8329532773761583,0.689808304344608,0.4380436883819834,0.8746008090270385,0.8616033755274262,0.8188077246011755,0.30639097744360905,0.3199251637043966,0.6666666666666666,0.5962264150943396,0.8719052744886975,0.8414116268853419,0.634207240948814,0.6873315363881402,0.45255474452554745
33,0.0,0.7368804285639985,0.3608364791179819,0.533151904997526,0.7184688556529711,0.08554351886440045,0.08883855542972191,0.0,0.0,0.0,0.0,0.0,0.0,0.0,0.0,0.0
34,0.6882839832750235,0.850089103316382,0.5058927000879507,0.38529966753526823,0.8901185081910074,0.7901611085327852,0.7924579306616206,0.3608174770965469,0.40454222853087296,0.704,0.5622489959839357,0.8965704953728906,0.88905238375515,0.44929797191887677,0.46820027063599456,0.7474747474747475
35,0.8099854337234417,0.8318917328626066,0.6479795396419438,0.5066714107809999,0.883947437264806,0.8162187647336162,0.8202695721598647,0.4157088122605364,0.38064516129032255,0.6792452830188679,0.6255144032921811,0.8861548045475782,0.847985347985348,0.46196403872752423,0.49338146811071,0.616519174041298
36,0.8616271069831442,0.8896901836124685,0.2324140982156024,0.3454913880445795,0.9071329162669405,0.8199784405318002,0.780678096705837,0.2917015926236379,0.30418943533697634,0.6353790613718412,0.5035460992907801,0.9099554234769688,0.8745991019884541,0.41025641025641024,0.604221635883905,0.6255506607929515
37,0.8626293895714424,0.837925541329872,0.8077366813708856,0.3320839852989338,0.8956677990847067,0.8652239791755701,0.8491341119613371,0.3646805455850682,0.38912732474964234,0.581081081081081,0.6441717791411042,0.8459719375689737,0.8721015021146273,0.6339969372128637,0.6023054755043228,0.34989200863930886
38,0.844285445302203,0.8709269605644142,0.6974358974358974,0.377097487108128,0.8725282766739314,0.885585547648124,0.8782810499359796,0.3208065994500458,0.2916274694261524,0.7034482758620689,0.6111111111111112,0.8893052752954742,0.8615560640732265,0.6372881355932203,0.6577480490523969,0.5878693623639192
39,0.7833551710116117,0.8576231613355125,0.42028594550849746,0.45518367346938776,0.8911223405247161,0.8309660908509277,0.7737897050009989,0.36644165863066536,0.35386119257087,0.5774058577405857,0.6303501945525292,0.9066862601028656,0.8887861983980283,0.5988700564971752,0.5696969696969697,0.6429548563611491
40,0.8247715227642616,0.8292568203198495,0.5451416053825693,0.39564754970138266,0.8754076403447473,0.8750695088044486,0.8703994261890886,0.45081967213114754,0.42424242424242425,0.8376068376068376,0.8133333333333334,0.9135802469135802,0.8854826823876197,0.5124450951683748,0.5981308411214953,0.36661698956780925
41,0.0,0.7929003630496168,0.328604455653636,0.3741059699313969,0.774810150027783,0.3992061582872264,0.5535630014157622,0.0,0.0,0.0,0.0,0.0,0.0,0.0,0.0,0.0
42,0.8558248914616498,0.849168889800944,0.534000652812534,0.4376862535340414,0.8990933125144165,0.8584400843197665,0.8501681503461919,0.4180478821362799,0.31462741490340385,0.43703703703703706,0.5481481481481482,0.9057310525658634,0.9090190915075708,0.5778781038374717,0.6225895316804407,0.6607538802660754
43,0.8407994486560992,0.8481227790080857,0.5109028486591816,0.49290220820189273,0.882202304737516,0.8822110925616768,0.875892014347744,0.34634634634634637,0.36477987421383645,0.7068965517241379,0.6339285714285714,0.905638665132336,0.8881952326901249,0.5807909604519774,0.6882966396292005,0.2603305785123967
44,0.8769599204735439,0.8420097950299292,0.45852082612207223,0.4601325108521819,0.8728176452314383,0.8889152622834084,0.8753507322135526,0.3504132231404959,0.3395585738539898,0.6743295019157088,0.6210045662100456,0.9031578947368422,0.8621264978006977,0.6763070077864294,0.7104337631887456,0.23952095808383234
45,0.8454661558109834,0.8329775880469584,0.6466100225420496,0.3491691374198442,0.8655231994605757,0.8513025489989832,0.8666853381879288,0.38076923076923075,0.31175934366453967,0.6620689655172414,0.7672131147540984,0.8428446005267779,0.8334415584415584,0.6484149855907781,0.6335570469798658,0.3098106712564544
46,0.8301618634030794,0.8610706638115632,0.573290500229463,0.359229265568277,0.8657171098471959,0.8556577930743836,0.8513103819982484,0.35901386748844377,0.3907185628742515,0.7168141592920354,0.5,0.8942062105121656,0.869611780455154,0.7162534435261708,0.710955710955711,0.48810754912099275
47,0.865709807803349,0.8738083538083538,0.6078795154425407,0.3999668627288543,0.886290515323663,0.8353913373860182,0.8179203346988582,0.39664218258132217,0.3667621776504298,0.5798319327731093,0.5928853754940712,0.8986029743127535,0.8904303957118083,0.7163120567375887,0.5789473684210527,0.14989293361884368
48,0.8273654256580507,0.8618715778994525,0.617090557071196,0.3576894061860114,0.8417749040515758,0.8673931432552122,0.9129969691567125,0.3338735818476499,0.20768431983385255,0.8195488721804511,0.7272727272727273,0.8892911010558069,0.883947783675226,0.6044776119402985,0.5612366230677764,0.6951871657754011
49,0.860612636674735,0.8126247987117552,0.6959122632103689,0.36915189062166204,0.8690292758089369,0.8903781713738631,0.8819528956976161,0.3482587064676617,0.3319755600814664,0.6187845303867403,0.638095238095238,0.8828977836586173,0.8342892574794606,0.5481727574750831,0.6546854942233633,0.5182186234817814
50,0.83657949871964,0.8311664446179997,0.5451346120007039,0.32349335093841364,0.9042009710787419,0.8640782419136275,0.8803224472922695,0.3524590163934426,0.36129032258064514,0.5747126436781609,0.5467625899280576,0.8617054263565892,0.8474521259331386,0.5115511551155115,0.7057356608478803,0.33136094674556216
51,0.8617752540346683,0.8369778708917114,0.5425119331742243,0.48111533586818755,0.8900251629137363,0.893152475894754,0.8704449037310997,0.352,0.3346456692913386,0.6111111111111112,0.7628865979381443,0.9065450993161837,0.898379970544919,0.6019417475728155,0.6887417218543046,0.39806996381182147
52,0.8344154184346404,0.8697171763623821,0.6909090909090909,0.4664741237998595,0.855604075691412,0.7949781156415573,0.7745148372522846,0.3968,0.3255131964809384,0.6713780918727915,0.7692307692307693,0.8833260137607963,0.8947028423772609,0.5054347826086957,0.5793871866295265,0.6012526096033403
53,0.8508022065945172,0.8513284958262862,0.6490272373540856,0.3058680449984798,0.885573401404766,0.8634984833164813,0.8261949099937926,0.3126967471143757,0.30935960591133005,0.8017241379310345,0.8992248062015504,0.8935934689359347,0.907222380816443,0.5586734693877551,0.6567607726597325,0.7360406091370558
54,0.8502190686673646,0.7692403486924035,0.739310671562241,0.4275110481829493,0.8882755915439683,0.8756176931420996,0.8620188816267248,0.41960183767228176,0.33242506811989103,0.5478260869565217,0.6097560975609756,0.9306930693069307,0.9145781393517911,0.6629055007052186,0.5828025477707006,0.5473204104903079
55,0.8467799009200283,0.8404089277352895,0.6653911564625851,0.422565155236245,0.8958071278825995,0.8649019852665751,0.8837651533159021,0.34402332361516036,0.3764093668690373,0.722972972972973,0.6,0.9093352883675464,0.8978274363749225,0.6381842456608812,0.6084959816303099,0.39638281838733985
56,0.8047101312967909,0.85159160575336,0.6081363294628686,0.38798165137614676,0.8993265248047554,0.8956381937648539,0.8940666841690732,0.3410301953818828,0.38979963570127507,0.7518248175182481,0.7890625,0.9073863636363636,0.8937545922116091,0.5442708333333334,0.7306843267108167,0.4311632870864461
57,0.8249015334021643,0.8412338518323227,0.5648539679417839,0.35101916949066814,0.8991084130315365,0.8882127474611767,0.8708982230716057,0.36259977194982895,0.2760511882998172,0.62882096069869,0.6428571428571429,0.9180834621329211,0.9057841383422779,0.5943970767356882,0.6127167630057804,0.6796296296296296
58,0.832638377892241,0.8274678111587983,0.699044446392566,0.3402679039137918,0.8891829308633807,0.8832849038328491,0.9080369732100892,0.3475982532751092,0.3611774065234686,0.6835443037974683,0.7661290322580645,0.8827797934691599,0.8419967604182006,0.7524972253052165,0.7340909090909091,0.5257142857142857
59,0.0,0.7880246086373881,0.46611948845199463,0.3697785253714606,0.7924943318331021,0.5286441462285979,0.4151712425700538,0.0,0.0,0.0,0.0,0.0,0.0,0.0,0.0,0.0
60,0.8293465577596266,0.8347360697483707,0.5978809283551968,0.32666494101985727,0.8796603912882983,0.8688410256410256,0.8899485027655922,0.35450236966824644,0.37533998186763373,0.7053571428571429,0.575107296137339,0.9401756311745335,0.8841620376642731,0.6240601503759399,0.6641221374045801,0.7026143790849673
61,0.8159969958693203,0.7665924276169265,0.6722022326782914,0.3341018251681076,0.8604666556346185,0.8866687097762795,0.9061197265299317,0.5100182149362478,0.4528301886792453,0.6395348837209303,0.7821229050279329,0.8703589108910891,0.8429672447013488,0.75,0.5683355886332883,0.32950191570881227
62,0.8057886502631205,0.8581622865912143,0.5762149348083762,0.41231619461166485,0.8769216718925995,0.8695652173913043,0.7962336418767954,0.33843797856049007,0.39504473503097043,0.6991150442477876,0.582995951417004,0.9273163948931867,0.9209691741722694,0.5653896961690885,0.6393034825870647,0.4453924914675768
63,0.7908819644866213,0.8302293034772311,0.6432681242807825,0.4216485742481691,0.8709773592185335,0.882541816009558,0.8896520492112612,0.32798165137614677,0.2845744680851064,0.7003891050583657,0.8058608058608059,0.9327459618208517,0.9051724137931034,0.5746102449888641,0.5507955936352509,0.32798165137614677
64,0.8531595841517751,0.8642640233770699,0.5386075317151133,0.4420948290104081,0.8325483599663582,0.8076351834534353,0.8625,0.3205268935236004,0.3023255813953488,0.6594982078853047,0.8192771084337349,0.7926724137931035,0.8856555973981514,0.6713286713286714,0.7291981845688351,0.0
65,0.7812624850179785,0.8370294446515095,0.607115564235374,0.34492808718241147,0.8964323700672423,0.8901984766776004,0.9044095590440956,0.34396135265700484,0.3060796645702306,0.6910569105691057,0.6666666666666666,0.9199707388441843,0.8992472495657209,0.5982905982905983,0.5555555555555556,0.0
66,0.8458306559240769,0.8630746416213544,0.5335110434120335,0.4681489564861547,0.8233563981221366,0.8186888808402752,0.861288450377249,0.3123543123543124,0.4246682279469165,0.6417910447761194,0.725,0.9030689759951382,0.9005593536357986,0.6462480857580398,0.6186440677966102,0.0
67,0.7597590361445783,0.8461311803877659,0.6154722354057902,0.42084811623585067,0.882109687478815,0.8220528321724274,0.893761663556385,0.36280137772675086,0.40193236714975844,0.7480314960629921,0.6953405017921147,0.8997029282783986,0.8616125150421179,0.5775075987841946,0.609308885754584,0.5618604651162791
68,0.8094278654248241,0.8686217469926881,0.6142945163277881,0.36006546644844517,0.9046539538605147,0.8355359765051396,0.890299272567495,0.29493087557603687,0.266199649737303,0.8029197080291971,0.628099173553719,0.9236673773987207,0.9022342393624591,0.5365853658536586,0.6596244131455399,0.46938775510204084
69,0.8343246887144103,0.8158370610069478,0.6725694145964067,0.4069026466347272,0.8824897037332271,0.8721380767876012,0.896921416074154,0.359375,0.33303964757709253,0.6124401913875598,0.5112781954887218,0.9059561128526645,0.8679245283018868,0.7181069958847737,0.5915151515151515,0.4038319823139278
70,0.844284231798569,0.8369687852576156,0.495681644254947,0.33433074007580293,0.9019454700369214,0.8531550246689171,0.8310958037534266,0.3783783783783784,0.3304178814382896,0.6991150442477876,0.6307053941908713,0.8425602660016626,0.7486569455103607,0.6223337515683814,0.5639097744360902,0.46924177396280403
71,0.8809687000228467,0.8734601309210865,0.6106228505922813,0.43405066306678314,0.8470117751610753,0.8341391633382383,0.8668732934838758,0.44893617021276594,0.37327188940092165,0.6425992779783394,0.6666666666666666,0.930650815424478,0.9053833605220228,0.699438202247191,0.7516778523489933,0.0
72,0.8508455780426948,0.8675321817581693,0.5389662027833002,0.3606032521695172,0.8551261763971016,0.839830951137281,0.8434820362531206,0.38120567375886527,0.3162705667276051,0.7157894736842105,0.8211382113821138,0.8825083670952968,0.8734063566169868,0.6346153846153846,0.6751918158567775,0.6334991708126037
73,0.8344414270999158,0.8315789473684211,0.5765089949294993,0.3910268996662085,0.8922330232493271,0.8560396129559805,0.8637080788057769,0.28699551569506726,0.300507614213198,0.5909090909090909,0.6055776892430279,0.8936170212765957,0.8832991101984942,0.47538677918424754,0.66524064171123,0.4192685102586976
74,0.8615261472785486,0.8198404894570086,0.7059169855755077,0.334927004183386,0.8558006951817216,0.8737264817431397,0.8923324907498993,0.3766388557806913,0.35365853658536583,0.7448979591836735,0.6890756302521008,0.8574957542071947,0.8450151057401812,0.5134408602150538,0.74235807860262,0.5922165820642978
75,0.7717720931891969,0.8124256444150694,0.5849439723245845,0.3460661345496009,0.8948225554726199,0.875767219822687,0.895193515241466,0.3602668643439585,0.4077961019490255,0.6093189964157706,0.5793103448275863,0.9125913434513772,0.9038938311214817,0.6472727272727272,0.6518518518518519,0.5866236905721193
76,0.8304233029554552,0.8686499197491695,0.6281899294939789,0.31468681578156527,0.8931819759772269,0.8586762075134168,0.8957483983692487,0.3843137254901961,0.34011391375101707,0.734982332155477,0.6622516556291391,0.8855844692275919,0.8346584018326371,0.5930680359435173,0.658267716535433,0.5945098039215686
77,0.8681223366142474,0.8235403151065802,0.6986057068741893,0.3664475933594195,0.9029478601186719,0.8161564188320041,0.8400133973428603,0.37359098228663445,0.2904062229904927,0.8888888888888888,0.7311827956989247,0.9344832803752459,0.8859259259259259,0.6153846153846154,0.6251621271076524,0.4548852108916177
78,0.8154988504014172,0.8327838450443025,0.5912698412698413,0.4452296819787986,0.8678986233255408,0.8748424550280717,0.8922381311228335,0.3445692883895131,0.25661914460285135,0.6792452830188679,0.6147540983606558,0.9161225514816675,0.9119496855345912,0.6888297872340425,0.6496350364963503,0.3659976387249115
79,0.8275012908607062,0.8435605746076559,0.5284148914449057,0.35473125796767696,0.8879322714880183,0.8629204744312658,0.8621459227467811,0.3483754512635379,0.29673590504451036,0.7559055118110236,0.7425149700598802,0.9185637891520244,0.8900900900900901,0.5920398009950248,0.7372549019607844,0.6834381551362684
80,0.8069050089614187,0.8387060029616129,0.5357726233257105,0.4176350572163577,0.8562705137012442,0.8926115323576089,0.83441475501967,0.3044496487119438,0.31242603550295855,0.5714285714285714,0.7932489451476793,0.8772164603546336,0.6967647596417474,0.47808764940239046,0.6299615877080665,0.49061032863849763
81,0.8624587249174498,0.8401695549183393,0.5635910224438903,0.4019119292179396,0.8696737044145874,0.8276555793991416,0.8361960620025136,0.3844765342960289,0.39658848614072495,0.8260869565217391,0.8378378378378378,0.4931506849315068,0.8085699355512976,0.7185185185185186,0.6789915966386555,0.0
82,0.8507118289868953,0.8752169720347155,0.43234268636891915,0.3150959051198204,0.8649017987669231,0.8417117670032919,0.8223726068598531,0.3513738551207327,0.33183856502242154,0.6174496644295302,0.5974842767295597,0.8688172043010752,0.871587462082912,0.5890227576974565,0.6275071633237822,0.5146496815286624
83,0.8894804898455921,0.8214787742479618,0.5939794419970631,0.3655428933206711,0.886258151694965,0.8692036645525018,0.8558718242797066,0.39862542955326463,0.3175182481751825,0.7854545454545454,0.8163265306122449,0.9150503314510189,0.9040576412590065,0.5696969696969697,0.5306122448979592,0.31683168316831684
84,0.8863365581661344,0.8568414884266041,0.570233220580381,0.47084434769087236,0.8766053805596864,0.825900259342715,0.828819116920451,0.38880248833592534,0.35696413678065053,0.6065573770491803,0.736318407960199,0.9006660053847244,0.8921568627450981,0.6229007633587786,0.75,0.023752969121140142
85,0.8127136792275613,0.8614066726780883,0.4194208832992103,0.4220911310008137,0.8618799888805051,0.8761873744775552,0.8775733683749453,0.4955017301038062,0.34980988593155893,0.6352941176470588,0.45323741007194246,0.921354377445029,0.8623135949037208,0.644918444165621,0.6567534076827757,0.6161719549641761
86,0.8645191122071517,0.8662564006200968,0.45348837209302323,0.40751037166930415,0.8803717586937905,0.8226028253531692,0.8830162888711698,0.34521158129175944,0.3050847457627119,0.6845637583892618,0.696551724137931,0.8829830508474577,0.852035203520352,0.6534090909090909,0.6324110671936759,0.5912596401028277
87,0.8135050741608119,0.8500844219319292,0.47355298308103294,0.38408735096945124,0.8855337864854058,0.9059482155353394,0.8884146124568705,0.40318725099601593,0.3444976076555024,0.7123287671232876,0.543778801843318,0.9024780175859313,0.8537755241880225,0.6800535475234271,0.7142857142857143,0.6345698500394633
88,0.8580313458827432,0.842339419779405,0.5746145134593605,0.4063518336523044,0.9030509142885307,0.8638629070799481,0.881440995496889,0.3600416233090531,0.38247011952191234,0.5887850467289719,0.5726495726495726,0.8996860517267155,0.8865580119412619,0.5638297872340425,0.6783479349186483,0.38613861386138615
89,0.8455994603614159,0.8489438386787719,0.6148955495004541,0.42743717770320044,0.8803931114221384,0.8378398075941986,0.855286800276434,0.38783269961977185,0.27722772277227725,0.5550239234449761,0.5544554455445545,0.9310440321240654,0.9146067415730337,0.5670103092783505,0.6133768352365416,0.23867262284620294
90,0.8738881112566036,0.8743150684931507,0.7714024576012999,0.3821581286157458,0.8646484771339495,0.8387244780913053,0.872570559405104,0.4225690276110444,0.25287356321839083,0.7133757961783439,0.8584070796460177,0.9292247080343323,0.9332386363636364,0.5449664429530201,0.6120591581342435,0.5717761557177615
91,0.8182327966033806,0.8496025437201907,0.6971543354536324,0.35128363411888597,0.8934649863583214,0.8715197215777262,0.8272452908731398,0.330188679245283,0.3371868978805395,0.6642335766423357,0.7189542483660131,0.9029332577582542,0.9132219290530637,0.7133757961783439,0.6740506329113924,0.1423076923076923
92,0.8519554142567127,0.7123368570247446,0.5316934720908231,0.3123748969739786,0.8491098648801234,0.7878992732803786,0.8636140904883759,0.6206896551724138,0.5984979780473715,0.6462882096069869,0.6964285714285714,0.881551045137837,0.8813905930470347,0.6329442282749675,0.6275862068965518,0.7376237623762376
93,0.8069926206542757,0.8625364546386064,0.6338945874459713,0.31720029784065523,0.8934259015530402,0.8470367033569666,0.8281816482900393,0.2802013422818792,0.28691275167785235,0.7481481481481481,0.8028673835125448,0.8894993894993894,0.893530787217459,0.6436170212765957,0.5639614855570839,0.7240143369175627
94,0.7935116618810135,0.8496373892022563,0.7062377821219122,0.3189983144714664,0.8527053687612811,0.8705856706874001,0.8918678771489279,0.40071877807726863,0.3581589958158996,0.6949152542372882,0.6142857142857143,0.8821643800487242,0.8455147162371497,0.6506469500924215,0.5739130434782609,0.0
95,0.8282883374238705,0.8855014130341697,0.48804171911526706,0.4337130592702658,0.8728858004457847,0.8182440136830103,0.8405360784694571,0.3470319634703196,0.32475247524752476,0.6141732283464567,0.6433566433566433,0.9127652408218255,0.8905263157894737,0.6450704225352113,0.7580372250423012,0.0
96,0.8124737210932025,0.8485390336083228,0.5140734949179047,0.39282943362325945,0.8757281553398059,0.8514061893503653,0.8320037699013767,0.32548179871520344,0.2444933920704846,0.6244725738396625,0.7627118644067796,0.8998624484181568,0.9076428671230963,0.5681818181818182,0.6788990825688074,0.3561643835616438
97,0.7971066618710786,0.8521260113616802,0.6224642614023145,0.35835819691960324,0.8893308911911167,0.9121754114920673,0.8882034454470877,0.3472222222222222,0.30781893004115224,0.5023696682464455,0.4602510460251046,0.8649120255925549,0.8319292915343185,0.6306504961411246,0.5447263017356475,0.5895598771750256
98,0.8524391720130735,0.846288646889473,0.5970080018555027,0.3992970123022847,0.899574571532758,0.8973975126669738,0.8863042666998383,0.4,0.24267782426778242,0.6224489795918368,0.6964285714285714,0.8705480912774579,0.8385150812064965,0.56,0.5972850678733032,0.44889779559118237
99,0.8646010566848751,0.8276385725132878,0.647043679739123,0.3530998516387178,0.8950670859240499,0.8488422892092616,0.8937637104356001,0.352101506740682,0.23010546500479387,0.7454545454545455,0.8,0.9104815864022663,0.9054609512624779,0.61133069828722,0.671251719394773,0.28413284132841327
100,0.8806964482772714,0.8727747324458366,0.6397527910685805,0.4617184643510055,0.8507186057098264,0.8088705130614546,0.834724363404391,0.361998361998362,0.34024179620034545,0.8409090909090909,0.7335640138408305,0.9228780697975011,0.9121242629080972,0.6587615283267457,0.5994694960212201,0.5561861520998865
101,0.812373907195696,0.7966263631272033,0.5627356784957901,0.4380781642165651,0.8822125084061869,0.8734664849167308,0.8546647646219686,0.28066914498141265,0.2896551724137931,0.6276150627615062,0.7058823529411765,0.8926202906730634,0.9040784425181185,0.5843621399176955,0.5615650172612198,0.005263157894736842
102,0.8050382925786261,0.8153333709704736,0.7751549833094897,0.29073255446795077,0.8860083873427373,0.9006079027355623,0.9043645225611107,0.31100846805234794,0.3131731565865783,0.25,0.6147540983606558,0.8864923159881369,0.864715916546385,0.6469864698646987,0.7815230961298377,0.3333333333333333
103,0.8708129513160959,0.839719950831062,0.6848262615680112,0.3978223775087349,0.8794105836548702,0.8903348554033486,0.8932747449169584,0.39145299145299145,0.3214649033570702,0.6153846153846154,0.7142857142857143,0.8695098663271802,0.8482223425374481,0.4583333333333333,0.7311028500619579,0.6873508353221957
104,0.8787731728622731,0.8293322151168886,0.6059235325794292,0.3966588430208477,0.8688909623242496,0.833922261484099,0.7789864153591659,0.3196078431372549,0.3599663582842725,0.6910994764397905,0.8018433179723502,0.8407882389740382,0.8979522184300341,0.6232686980609419,0.6358974358974359,0.28879310344827586
105,0.3547195739929571,0.7598777559484828,0.3873478717489343,0.33403848091064775,0.8815359477124183,0.8528010302640051,0.838885415736358,0.09669211195928754,0.4294294294294294,0.0,0.0,0.0,0.0,0.0,0.0,0.0
106,0.8382865767969604,0.834140127388535,0.5942173479561316,0.4279677295428352,0.8869962473486702,0.8232268388866663,0.8206236492744674,0.3775241439859526,0.32389580973952437,0.5505226480836237,0.694980694980695,0.8826717445437234,0.8550416734760582,0.6289855072463768,0.5190082644628099,0.0
107,0.71575772807238,0.8198549481400609,0.4341337907375643,0.3709188008253429,0.838982933162989,0.8048877522023302,0.8771219786396852,0.3218210361067504,0.29314420803782504,0.686046511627907,0.4785714285714286,0.8115053292451453,0.7870929718579638,0.3385354141656663,0.3328671328671329,0.063003663003663
108,0.7658039739522458,0.8275080906148867,0.6208263152680076,0.35608932257459186,0.8950237588549107,0.8564501537904831,0.8857399237269125,0.3686477174849268,0.3829087921117502,0.6057692307692307,0.6805555555555556,0.9161213563355146,0.9198127011998829,0.6721311475409836,0.7244897959183674,0.47206385404789053
109,0.796775667927037,0.8257213213771314,0.4776528117359413,0.3307570251318012,0.8752791701821431,0.8877110809811414,0.896683861459101,0.3938161106590724,0.31376518218623484,0.7175572519083969,0.6966292134831461,0.88,0.8709791445740545,0.5327380952380952,0.55627425614489,0.515802781289507
110,0.7904338044700934,0.8297537388957608,0.6049266157411382,0.3255534709193246,0.8670337606066076,0.7839032853864667,0.8113930984115392,0.29514207149404215,0.2436028659160696,0.504950495049505,0.6033057851239669,0.8933395435491384,0.8888213851761847,0.49815043156596794,0.6577380952380952,0.5583333333333333
111,0.0,0.0,0.0,0.0,0.0,0.0,0.0,0.0,0.0,0.0,0.0,0.0,0.0,0.0,0.0,0.0
112,0.8011245569001345,0.8306525183655832,0.6354159837409035,0.39783902418435824,0.9058163737280296,0.856975592182293,0.9005732712289501,0.33805668016194335,0.3353500432152118,0.651685393258427,0.7272727272727273,0.8897617177271537,0.8692307692307693,0.6584234930448223,0.6810810810810811,0.19883040935672514
113,0.8505285791076868,0.8584630568390831,0.6672743846855059,0.3826623507991099,0.8866536632628345,0.7904609085375975,0.7703649862416282,0.36221837088388215,0.34598411297440423,0.8533333333333334,0.7099236641221374,0.9476394849785408,0.9127942432003903,0.6541436464088398,0.6674445740956826,0.38291380625476734
114,0.874579038677416,0.8866669999500075,0.5721120984278879,0.29248155219567573,0.8855206847360912,0.8434655293144058,0.821611253196931,0.4419713831478537,0.2485345838218054,0.6394052044609665,0.8773234200743495,0.8302808302808303,0.8949618320610687,0.4425531914893617,0.5587188612099644,0.0
115,0.8531390134529148,0.8224273188740194,0.6512514072919373,0.4204338698390483,0.8862088914601042,0.8627888910468052,0.8702014191899158,0.3719298245614035,0.2805755395683453,0.8616600790513834,0.8355555555555556,0.9234548745797776,0.9139742055577715,0.5407821229050279,0.5733333333333334,0.49471458773784355
116,0.8143365983971504,0.8249749512207984,0.7991950301863681,0.35006318830113736,0.8966276365937891,0.8941429339065019,0.8231283050375731,0.34107402031930334,0.29105058365758757,0.6666666666666666,0.7217391304347827,0.9206882081409987,0.9078094164082323,0.5318471337579618,0.6479250334672021,0.4723127035830619
117,0.8491473546130301,0.8193117885646998,0.6299163179916318,0.35002296738631145,0.8608524123658,0.8763024623086326,0.8994613046029122,0.43729903536977494,0.36438923395445133,0.669683257918552,0.544,0.9099099099099099,0.8743954677352495,0.6555891238670695,0.617737003058104,0.5284210526315789
118,0.8297948902482908,0.8470804409963251,0.500595632031767,0.3509984639016897,0.8842858084503329,0.8512580315859004,0.8888354476041604,0.4228855721393035,0.3619631901840491,0.6140350877192983,0.6691449814126395,0.9026415094339623,0.8088264010935364,0.7209775967413442,0.628482972136223,0.0
119,0.8712955927051672,0.851333783994592,0.5988972431077694,0.49370617555123764,0.8880743996765231,0.8813969841393859,0.8761500353857041,0.3372972972972973,0.34099153567110035,0.6041666666666666,0.6627218934911243,0.9179741260666117,0.8999710899103788,0.544290288153682,0.6004464285714286,0.5807327001356852
